<?xml version="1.0" encoding="UTF-8"?>
<Window>
    <TabLayout name="tab_qrcode">
        <VerticalLayout>
            <Control height="25"/>
            <GifAnim width="100" height="75" padding="30,0,30,0" bkimage="qrcode/load.gif"/>
            <Label text="正在请求二维码" height="20" textcolor="#FF999999" font="0" align="center" valign="center"/>
        </VerticalLayout>
        <VerticalLayout>
            <QrcodeUI name="qrcode" width="160" height="160"/>
        </VerticalLayout>
        <VerticalLayout bkimage="qrcode/def_qrcode.png">
            <Control height="65"/>
            <Button name="btn_refresh" text="刷新" width="72" height="26" padding="44,0,44,0" normalimage="blue_nor.png" hotimage="blue_hot.png" pushedimage="blue_down.png" textcolor="#FFFFFFFF" font="0" cursor="hand"/>
            <Control height="5"/>
            <Label name="label_info" height="20" textcolor="#FF333333" font="0" align="center" valign="center"/>
        </VerticalLayout>
    </TabLayout>
</Window>