<?xml version="1.0" encoding="utf-8"?>
<Window size="302,242" caption="0,0,0,40">
    <Font name="微软雅黑" size="12" bold="false" id="0"/>
    <Font name="微软雅黑" size="14" bold="false" id="1"/>
    <Font name="微软雅黑" size="16" bold="false" id="2"/>

<VerticalLayout bkcolor="#FFFFFFFF" bordersize="1" bordercolor="#FFE1E1E1" inset="1,1,1,1">
    <HorizontalLayout height="40" bkimage="bk_title.png">
        <Label text="登录bilibili" float="true" pos="20,10,0,0" width="100" textcolor="#FFFFFFFF" height="16" font="1" align="left" valign="center"/>
        <Button name="btn_close" float="true" pos="269,0,0,0" width="31" height="29" normalimage="file='close.png' source='0,0,31,29' " hotimage="file='close.png' source='0,29,31,58'" pushedimage="close.png' source='0,58,31,87'" cursor="hand"/>
    </HorizontalLayout>
    <Control height="12"/>
    <QrcodeView name="qrcode" height="160" padding="70,0,70,0"/>
    <Label text="使用bilibili手机客户端扫码登录" height="20" textcolor="#FF333333" font="1" align="center" valign="center"/>
    <Control />
</VerticalLayout>